2014,Darren Powers,,,
2014,Phillina Ober,,,
2014,Mick Brown,,,
2014,Lycoris Saunders,,,
2014,Jack O'Briant,,Row Labels,Count of Darren Powers
2014,Maria Etezadi,,2014,595
2014,Vivek Sundaresam,,2015,573
2014,Melanie Seite,,2016,638
2014,Anthony Jacobs,,2017,693
2014,Seth Vernon,,,
2014,Chris Selesnick,,,
2014,Natalie DeCherney,,,
2014,Brian Dahlen,,,
2014,Michael Moore,,,
2014,Brendan Sweed,,,
2014,Erica Hackney,,,
2014,Delfina Latchford,,,
2014,David Wiener,,,
2014,Toby Swindell,,,
2014,Hunter Lopez,,,
2014,Mark Van Huff,,,
2014,Xylona Preis,,,
2014,Muhammed MacIntyre,,,
2014,Tom Boeckenhauer,,,
2014,Ionia McGrath,,,
2014,Speros Goranitis,,,
2014,Shirley Daniels,,,
2014,Carol Adams,,,
2014,Ed Jacobs,,,
2014,Jasper Cacioppo,,,
2014,Mike Vittorini,,,
2014,Liz Carlisle,,,
2014,Bradley Drucker,,,
2014,Cynthia Delaney,,,
2014,Eric Barreto,,,
2014,Deborah Brumfield,,,
2014,Mark Haberlin,,,
2014,Neil Ducich,,,
2014,Cyma Kinney,,,
2014,Nathan Mautz,,,
2014,Natalie Fritzler,,,
2014,Guy Armstrong,,,
2014,Sanjit Chand,,,
2014,Shui Tom,,,
2014,Marina Lichtenstein,,,
2014,Barry Französisch,,,
2014,Michael Nguyen,,,
2014,Troy Blackwell,,,
2014,Aaron Bergman,,,
2014,Linda Cazamias,,,
2014,Steven Roelle,,,
2014,Tamara Manning,,,
2014,Sue Ann Reed,,,
2014,Michael Grace,,,
2014,Jennifer Halladay,,,
2014,Joy Smith,,,
2014,Dave Brooks,,,
2014,Hallie Redmond,,,
2014,Vicky Freymann,,,
2014,Shahid Collister,,,
2014,Giulietta Weimer,,,
2014,Kristina Nunn,,,
2014,Nicole Hansen,,,
2014,Ashley Jarboe,,,
2014,Anne Pryor,,,
2014,Jill Stevenson,,,
2014,Sam Craven,,,
2014,Eva Jacobs,,,
2014,Clay Ludtke,,,
2014,Aimee Bixby,,,
2014,Nora Pelletier,,,
2014,Craig Molinari,,,
2014,Scott Williamson,,,
2014,Kean Thornton,,,
2014,Chloris Kastensmidt,,,
2014,Kelly Andreada,,,
2014,Filia McAdams,,,
2014,Richard Bierner,,,
2014,Dean Katz,,,
2014,Christine Kargatis,,,
2014,Jason Fortune-,,,
2014,Rick Bensley,,,
2014,Neil Französisch,,,
2014,Alan Shonely,,,
2014,Bradley Nguyen,,,
2014,Christine Phan,,,
2014,Annie Zypern,,,
2014,Quincy Jones,,,
2014,Sean Miller,,,
2014,Eileen Kiefer,,,
2014,Sample Company A,,,
2014,Matt Connell,,,
2014,Cassandra Brandow,,,
2014,Thomas Seio,,,
2014,Kristen Hastings,,,
2014,Gary McGarr,,,
2014,Craig Carroll,,,
2014,Beth Fritzler,,,
2014,Vivian Mathis,,,
2014,Patrick O'Donnell,,,
2014,Bruce Geld,,,
2014,Carlos Daly,,,
2014,Maurice Satty,,,
2014,Christina Anderson,,,
2014,Jonathan Doherty,,,
2014,Damala Kotsonis,,,
2014,Cindy Stewart,,,
2014,Christina VanderZanden,,,
2014,Daniel Raglin,,,
2014,Mike Pelletier,,,
2014,Mike Gockenbach,,,
2014,Kunst Miller,,,
2014,Dorris liebe,,,
2014,Susan Gilcrest,,,
2014,Mark Packer,,,
2014,Nat Carroll,,,
2014,Alex Avila,,,
2014,Jas O'Carroll,,,
2014,Dorothy Dickinson,,,
2014,Karen Bern,,,
2014,Trudy Glocke,,,
2014,Katharine Harms,,,
2014,Rob Dowd,,,
2014,Anna Häberlin,,,
2014,Katrina Edelman,,,
2014,Paul Knutson,,,
2014,Mary Zewe,,,
2014,Ken Black,,,
2014,Tracy Hopkins,,,
2014,Greg Maxwell,,,
2014,John Grady,,,
2014,Ruben Dartt,,,
2014,Roy Phan,,,
2014,Guy Phonely,,,
2014,Scott Cohen,,,
2014,Andy Yotov,,,
2014,Frank Hawley,,,
2014,Pauline Johnson,,,
2014,Roland Schwarz,,,
2014,Valerie Mitchum,,,
2014,Jim Mitchum,,,
2014,Ruben Ausman,,,
2014,Pauline Chand,,,
2014,John Stevenson,,,
2014,Jay Kimmel,,,
2014,Sanjit Engle,,,
2014,Gary Mitchum,,,
2014,Michelle Moray,,,
2014,Kean Nguyen,,,
2014,Stewart Visinsky,,,
2014,Edward Hooks,,,
2014,Ben Ferrer,,,
2014,Paul Stevenson,,,
2014,Stephanie Phelps,,,
2014,John Lee,,,
2014,Nicole Fjeld,,,
2014,Allen Goldenen,,,
2014,Benjamin Patterson,,,
2014,Allen Armold,,,
2014,Dorothy Badders,,,
2014,Aaron Hawkins,,,
2014,Theresa Swint,,,
2014,Laurel Beltran,,,
2014,Dianna Arnett,,,
2014,Lena Creighton,,,
2014,Beth Thompson,,,
2014,Aleksandra Gannaway,,,
2014,Marc Harrigan,,,
2014,Muhammed Yedwab,,,
2014,George Bell,,,
2014,Arianne Irving,,,
2014,David Smith,,,
2014,Lauren Leatherbury,,,
2014,Harry Greene,,,
2014,Laura Armstrong,,,
2014,Katherine Hughes,,,
2014,Justin MacKendrick,,,
2014,Andrew Roberts,,,
2014,Cari Schnelling,,,
2014,Joni Sundaresam,,,
2014,Nathan Cano,,,
2014,Paul MacIntyre,,,
2014,Andrew Allen,,,
2014,Bill Shonely,,,
2014,Peter Fuller,,,
2014,Emily Burns,,,
2014,Giulietta Dortch,,,
2014,Harold Pawlan,,,
2014,Steve Nguyen,,,
2014,Carol Triggs,,,
2014,Patrick Gardner,,,
2014,Sean Braxton,,,
2014,Art Foster,,,
2014,Greg Matthias,,,
2014,Paul Gonzalez,,,
2014,Raymond Messe,,,
2014,Brooke Gillingham,,,
2014,Victoria Wilson,,,
2014,Harold Dahlen,,,
2014,Alejandro Grove,,,
2014,Erica Hernandez,,,
2014,Naresj Patel,,,
2014,Anthony Johnson,,,
2014,Pauline Webber,,,
2014,Cindy Chapman,,,
2014,Pete Armstrong,,,
2014,Bruce Stewart,,,
2014,Ted Trevino,,,
2014,George Ashbrook,,,
2014,John Huston,,,
2014,Tamara Dahlen,,,
2014,Randy Ferguson,,,
2014,Matt Collister,,,
2014,Mitch Willingham,,,
2014,Bradley Talbott,,,
2014,Frank Gastineau,,,
2014,Evan Henry,,,
2014,Greg Tran,,,
2014,Resi Pölking,,,
2014,Janet Lee,,,
2014,Barry Weirich,,,
2014,Herbert Flentye,,,
2014,Dean percer,,,
2014,Maya Herman,,,
2014,Laurel Elliston,,,
2014,Patrick Jones,,,
2014,Magdelene Morse,,,
2014,Ellis Ballard,,,
2014,Shahid Shariari,,,
2014,James Galang,,,
2014,Laurel Workman,,,
2014,Mark Cousins,,,
2014,Jim Karlsson,,,
2014,Dianna Wilson,,,
2014,Corey Roper,,,
2014,Liz Thompson,,,
2014,Steven Cartwright,,,
2014,Ross Baird,,,
2014,Richard Eichhorn,,,
2014,Bobby Trafton,,,
2014,Bryan Mills,,,
2014,Grant Thornton,,,
2014,Sarah Bern,,,
2014,Valerie Takahito,,,
2014,Bart Pistole,,,
2014,Nick Radford,,,
2014,Carlos Soltero,,,
2014,Rick Duston,,,
2014,Brosina Hoffman,,,
2014,Carl Weiss,,,
2014,Chuck Magee,,,
2014,Frank Olsen,,,
2014,Heather Kirkland,,,
2014,Sharelle Roach,,,
2014,Kelly Lampkin,,,
2014,Pamela Stobb,,,
2014,Sonia Cooley,,,
2014,Duane Benoit,,,
2014,Gary Hwang,,,
2014,Jennifer Ferguson,,,
2014,Mick Crebagga,,,
2014,Corey-Lock,,,
2014,Natalie Webber,,,
2014,Toby Braunhardt,,,
2014,Joel Eaton,,,
2014,Dianna Vittorini,,,
2014,Anna Andreadi,,,
2014,Brian Stugart,,,
2014,Denise Leinenbach,,,
2014,Liz Pelletier,,,
2014,Noel Staavos,,,
2014,Grace Kelly,,,
2014,Liz MacKendrick,,,
2014,Cynthia Arntzen,,,
2014,Rob Williams,,,
2014,Dan Lawera,,,
2014,Helen Abelman,,,
2014,Russell Applegate,,,
2014,Anthony Rawles,,,
2014,Michael Stewart,,,
2014,Brian DeCherney,,,
2014,Eric Hoffmann,,,
2014,Maxwell Schwartz,,,
2014,Michael Chen,,,
2014,Dan Campbell,,,
2014,Dennis Pardue,,,
2014,Don Miller,,,
2014,Emily Phan,,,
2014,Becky Castell,,,
2014,Michelle Huthwaite,,,
2014,Ed Braxton,,,
2014,Brian Moss,,,
2014,Gary Hansen,,,
2014,Darrin Sayre,,,
2014,Mark Hamilton,,,
2014,Jamie Kunitz,,,
2014,Alyssa Crouse,,,
2014,Max Engle,,,
2014,Paul Van Hugh,,,
2014,Arthur Wiediger,,,
2014,Philip Brown,,,
2014,Shirley Schmidt,,,
2014,Barbara Fisher,,,
2014,Adrian Hane,,,
2014,Jack Lebron,,,
2014,Christine Abelman,,,
2014,Eugene Moren,,,
2014,Katherine Murray,,,
2014,Scot Wooten,,,
2014,Charles Crestani,,,
2014,Roger Demir,,,
2014,Michelle Ellison,,,
2014,Harry Marie,,,
2014,Erin Mull,,,
2014,Alejandro Ballentine,,,
2014,John Lucas,,,
2014,Arthur Gainer,,,
2014,Nick Crebassa,,,
2014,Ken Lonsdale,,,
2014,Carl Ludwig,,,
2014,Sheri Gordon,,,
2014,Luke Foster,,,
2014,Aaron Smayling,,,
2014,Barry Blumstein,,,
2014,Tom Stivers,,,
2014,Ivan Liston,,,
2014,Ann Steele,,,
2014,Nick Zandusky,,,
2014,Berenike Kampe,,,
2014,Valerie Dominguez,,,
2014,Chad Sievert,,,
2014,Sonia Sunley,,,
2014,Ricardo Sperren,,,
2014,Gary Zandusky,,,
2014,Roland Fjeld,,,
2014,Trudy Brown,,,
2014,Lena Radford,,,
2014,Maria Bertelson,,,
2014,Matt Abelman,,,
2014,Vivek Gonzalez,,,
2014,Andy Gerbode,,,
2014,Emily Ducich,,,
2014,Matthew Grinstein,,,
2014,Joseph Holt,,,
2014,Gene McClure,,,
2014,Charles Sheldon,,,
2014,Ben Wallace,,,
2014,Duane Huffman,,,
2014,Keith Herrera,,,
2014,Christine Sundaresam,,,
2014,Troy Staebel,,,
2014,Don Jones,,,
2014,Lena Hernandez,,,
2014,Craig Reiter,,,
2014,Deanra Eno,,,
2014,Jeremy Pistek,,,
2014,Rick Hansen,,,
2014,Robert Barroso,,,
2014,Arthur Prichep,,,
2014,Jennifer Patt,,,
2014,Dorothy Wardle,,,
2014,Ryan Crowe,,,
2014,Janet Molinari,,,
2014,Mitch Webber,,,
2014,Joe Elijah,,,
2014,Frank Merwin,,,
2014,Karl Braun,,,
2014,Paul Prost,,,
2014,Zuschuss Donatelli,,,
2014,Corey Catlett,,,
2014,Hilary Holden,,,
2014,Ryan Akin,,,
2014,Annie Thurman,,,
2014,Shirley Jackson,,,
2014,Larry Tron,,,
2014,Katherine Ducich,,,
2014,Mathew Reese,,,
2014,Nora Preis,,,
2014,Patrick Ryan,,,
2014,Victoria Pisteka,,,
2014,Dennis Kane,,,
2014,Sam Zeldin,,,
2014,Lisa Ryan,,,
2014,Becky Martin,,,
2014,Lisa Hazard,,,
2014,Karen Carlisle,,,
2014,Stefania Perrino,,,
2014,Marc Crier,,,
2014,Kean Takahito,,,
2014,Maribeth Schnelling,,,
2014,Rick Reed,,,
2014,Logan Currie,,,
2014,Daniel Lacy,,,
2014,Chris Cortes,,,
2014,Sandra Flanagan,,,
2014,Liz Willingham,,,
2014,Brad Norvell,,,
2014,Pete Takahito,,,
2014,Tom Ashbrook,,,
2014,Luke Weiss,,,
2014,Erin Ashbrook,,,
2014,Jessica Myrick,,,
2014,Odella Nelson,,,
2014,Jennifer Braxton,,,
2014,Astrea Jones,,,
2014,John Castell,,,
2014,Darrin Martin,,,
2014,Monica Federle,,,
2014,Anthony Garverick,,,
2014,Joseph Airdo,,,
2014,Frank Atkinson,,,
2014,Mike Caudle,,,
2014,Jim Kriz,,,
2014,Philip Fox,,,
2014,Erica Smith,,,
2014,Michelle Arnett,,,
2014,Duane Noonan,,,
2014,Sarah Brown,,,
2014,Henry Goldwyn,,,
2014,Jack Garza,,,
2014,Larry Hughes,,,
2014,Sara Luxemburg,,,
2014,Vivek Grady,,,
2014,Adam Shillingsburg,,,
2014,Thea Hudgings,,,
2014,Julie Prescott,,,
2014,Thomas Thornton,,,
2014,Julia Dunbar,,,
2014,Michelle Tran,,,
2014,Barry Franz,,,
2014,Nicole Brennan,,,
2014,Christopher Schild,,,
2014,Karen Ferguson,,,
2014,Thea Hendricks,,,
2014,George Zrebassa,,,
2014,Keith Dawkins,,,
2014,Suzanne McNair,,,
2014,Lisa DeCherney,,,
2014,Evan Bailliet,,,
2014,Kelly Williams,,,
2014,Doug Bickford,,,
2014,Dario Medina,,,
2014,Erin Smith,,,
2014,Beth Paige,,,
2014,Allen Rosenblatt,,,
2014,Denny Ordway,,,
2014,Russell D'Ascenzo,,,
2014,David Flashing,,,
2014,Joy Daniels,,,
2014,Brian Derr,,,
2014,Alice McCarthy,,,
2014,Tanja Norvell,,,
2014,Fred Chung,,,
2014,Jill Fjeld,,,
2014,Helen Andreada,,,
2014,Barry Pond,,,
2014,Zuschuss Carroll,,,
2014,Sibella Parks,,,
2014,Jim Epp,,,
2014,Hunter Glantz,,,
2014,Toby Carlisle,,,
2014,Anna Chung,,,
2014,Lynn Smith,,,
2014,Tracy Blumstein,,,
2014,Alan Schoenberger,,,
2014,Luke Schmidt,,,
2014,Ivan Gibson,,,
2014,Jeremy Farry,,,
2014,Rachel Payne,,,
2014,Eugene Hildebrand,,,
2014,Fred Hopkins,,,
2014,Lindsay Shagiari,,,
2014,Sylvia Foulston,,,
2014,Maureen Gastineau,,,
2014,Daniel Byrd,,,
2014,Angele Hood,,,
2014,Ross DeVincentis,,,
2014,Todd Sumrall,,,
2014,Bill Tyler,,,
2014,Noah Childs,,,
2014,Greg Guthrie,,,
2014,Anne McFarland,,,
2014,Amy Cox,,,
2014,Nancy Lomonaco,,,
2014,Ken Heidel,,,
2014,Paul Lucas,,,
2014,Deirdre Greer,,,
2014,Patrick O'Brill,,,
2014,Julie Kriz,,,
2014,Shahid Hopkins,,,
2014,Steven Ward,,,
2014,Denise Monton,,,
2014,Tracy Collins,,,
2014,MaryBeth Skach,,,
2014,William Brown,,,
2014,Tiffany House,,,
2014,Maribeth Dona,,,
2014,Barry Gonzalez,,,
2014,Tamara Chand,,,
2014,Benjamin Farhat,,,
2014,Pete Kriz,,,
2014,Tracy Zic,,,
2014,Karen Daniels,,,
2014,Roy Französisch,,,
2014,Darren Budd,,,
2014,Darren Powers,,,
2014,Maris LaWare,,,
2014,Jeremy Lonsdale,,,
2014,Candace McMahon,,,
2014,Robert Marley,,,
2014,Jamie Frazer,,,
2014,Peter Bühler,,,
2014,Rick Huthwaite,,,
2014,Adam Hart,,,
2014,Alan Barnes,,,
2014,Justin Deggeller,,,
2014,Yoseph Carroll,,,
2014,Randy Bradley,,,
2014,Pierre Wener,,,
2014,Ann Blume,,,
2014,Joe Kamberova,,,
2014,Julie Creighton,,,
2014,Michael Kennedy,,,
2014,John Murray,,,
2014,Georgia Rosenberg,,,
2014,Dennis Bolton,,,
2014,Alan Dominguez,,,
2014,Dave Hallsten,,,
2014,Jason Klamczynski,,,
2014,Steve Carroll,,,
2014,Tony Chapman,,,
2014,Susan Pistek,,,
2014,Saphhira Shifley,,,
2014,Phillip Breyer,,,
2014,Sally Matthias,,,
2014,Nathan Gelder,,,
2014,Harold Ryan,,,
2014,Darren Koutras,,,
2014,Nat Gilpin,,,
2014,Alyssa Tate,,,
2014,Andy Reiter,,,
2014,Bart Folk,,,
2014,Mary O'Rourke,,,
2014,Brian Thompson,,,
2014,Matthew Clasen,,,
2014,Bill Stewart,,,
2014,Alan Hwang,,,
2014,Toby Ritter,,,
2014,David Philippe,,,
2014,Michael Dominguez,,,
2014,Katherine Nockton,,,
2014,Matt Collins,,,
2014,Elizabeth Moffitt,,,
2014,Cathy Prescott,,,
2014,David Kendrick,,,
2014,Roy Collins,,,
2014,Nona Balk,,,
2014,Rob Lucas,,,
2014,Joni Blumstein,,,
2014,Frank Preis,,,
2014,Thomas Boland,,,
2014,Tim Brockman,,,
2014,Denny Joy,,,
2014,Sally Hughsby,,,
2014,Craig Yedwab,,,
2014,Logan Haushalter,,,
2014,Ralph Arnett,,,
2014,Kimberly Carter,,,
2014,Sung Shariari,,,
2014,Cari Sayre,,,
2014,Sung Pak,,,
2014,Chad Cunningham,,,
2014,Steve Chapman,,,
2014,Stefanie Holloman,,,
2014,Sean Christensen,,,
2014,Erin Creighton,,,
2014,Mike Kennedy,,,
2014,Irene Maddox,,,
2014,Penelope Sewall,,,
2014,Tony Sayre,,,
2014,Adrian Barton,,,
2014,Khloe Miller,,,
2014,Tamara Willingham,,,
2014,Sarah Foster,,,
2014,Craig Carreira,,,
2014,Clytie Kelty,,,
2014,Maureen Gnade,,,
2014,Thomas Brumley,,,
2014,Debra Catini,,,
2014,Michael Granlund,,,
2014,Ricardo Emerson,,,
2014,Ken Brennan,,,
2014,Maureen Fritzler,,,
2014,Alex Russell,,,
2014,Pamela Coakley,,,
2014,James Lanier,,,
2015,Victoria Wilson,,,
2015,Claudia Bergmann,,,
2015,Sylvia Foulston,,,
2015,Amy Hunt,,,
2015,Chris Selesnick,,,
2015,Andrew Gjertsen,,,
2015,Steven Roelle,,,
2015,Brooke Gillingham,,,
2015,James Lanier,,,
2015,Stefania Perrino,,,
2015,Craig Carroll,,,
2015,Michael Moore,,,
2015,Yana Sorensen,,,
2015,Cindy Schnelling,,,
2015,Philip Brown,,,
2015,Karen Seio,,,
2015,Joni Sundaresam,,,
2015,Scott Cohen,,,
2015,Paul MacIntyre,,,
2015,Carl Weiss,,,
2015,Cyra Reiten,,,
2015,Elizabeth Moffitt,,,
2015,Seth Vernon,,,
2015,Sean Christensen,,,
2015,Joseph Holt,,,
2015,Jeremy Pistek,,,
2015,Charles Crestani,,,
2015,Karl Braun,,,
2015,Allen Armold,,,
2015,Rick Wilson,,,
2015,Ken Heidel,,,
2015,Frank Olsen,,,
2015,Pauline Webber,,,
2015,Ivan Liston,,,
2015,Trudy Schmidt,,,
2015,Lori Olson,,,
2015,Damala Kotsonis,,,
2015,Lisa Hazard,,,
2015,Brosina Hoffman,,,
2015,Michael Stewart,,,
2015,Frank Atkinson,,,
2015,Sarah Jordon,,,
2015,Jill Fjeld,,,
2015,Nona Balk,,,
2015,Ted Trevino,,,
2015,Roy Phan,,,
2015,Justin MacKendrick,,,
2015,Sung Pak,,,
2015,Rob Dowd,,,
2015,Ann Blume,,,
2015,Guy Thornton,,,
2015,Liz MacKendrick,,,
2015,Kelly Andreada,,,
2015,Joe Elijah,,,
2015,Pierre Wener,,,
2015,Penelope Sewall,,,
2015,Lindsay Castell,,,
2015,Sung Shariari,,,
2015,Bill Tyler,,,
2015,Erin Smith,,,
2015,Nora Paige,,,
2015,Valerie Dominguez,,,
2015,Shui Tom,,,
2015,Dave Hallsten,,,
2015,Resi Pölking,,,
2015,Craig Molinari,,,
2015,Tracy Poddar,,,
2015,Dave Kipp,,,
2015,Pete Armstrong,,,
2015,Luke Foster,,,
2015,Sarah Foster,,,
2015,Katherine Nockton,,,
2015,Alan Haines,,,
2015,Mike Vittorini,,,
2015,Jennifer Jackson,,,
2015,Maribeth Schnelling,,,
2015,John Lucas,,,
2015,Eugene Moren,,,
2015,Dana Kaydos,,,
2015,Anthony Rawles,,,
2015,Fred Chung,,,
2015,Noel Staavos,,,
2015,Toby Gnade,,,
2015,Toby Swindell,,,
2015,Ken Black,,,
2015,Edward Becker,,,
2015,Evan Bailliet,,,
2015,Marc Crier,,,
2015,Nicole Fjeld,,,
2015,Emily Phan,,,
2015,Arianne Irving,,,
2015,Christopher Martinez,,,
2015,Jeremy Ellison,,,
2015,Monica Federle,,,
2015,Maurice Satty,,,
2015,Jim Kriz,,,
2015,Harold Ryan,,,
2015,Jesus Ocampo,,,
2015,Fred Hopkins,,,
2015,Berenike Kampe,,,
2015,Dan Campbell,,,
2015,Mike Caudle,,,
2015,Guy Armstrong,,,
2015,Corinna Mitchell,,,
2015,Bart Watters,,,
2015,Joe Kamberova,,,
2015,Bryan Mills,,,
2015,Julia West,,,
2015,Dean Braden,,,
2015,Ruben Dartt,,,
2015,Justin Deggeller,,,
2015,Fred Wasserman,,,
2015,Debra Catini,,,
2015,Julia Dunbar,,,
2015,Sheri Gordon,,,
2015,Bart Pistole,,,
2015,Alice McCarthy,,,
2015,Dennis Pardue,,,
2015,Ben Peterman,,,
2015,Cathy Prescott,,,
2015,Benjamin Venier,,,
2015,Gene McClure,,,
2015,Ellis Ballard,,,
2015,Suzanne McNair,,,
2015,Mark Van Huff,,,
2015,Alan Barnes,,,
2015,Chloris Kastensmidt,,,
2015,John Huston,,,
2015,Sara Luxemburg,,,
2015,Denny Ordway,,,
2015,Richard Bierner,,,
2015,Alan Shonely,,,
2015,Chad McGuire,,,
2015,Daniel Raglin,,,
2015,Ed Braxton,,,
2015,Michael Oakman,,,
2015,Cari Sayre,,,
2015,John Dryer,,,
2015,Nat Carroll,,,
2015,Greg Guthrie,,,
2015,Valerie Takahito,,,
2015,Carol Adams,,,
2015,Jennifer Ferguson,,,
2015,Thomas Thornton,,,
2015,Mark Hamilton,,,
2015,Peter Fuller,,,
2015,Frank Merwin,,,
2015,Jay Kimmel,,,
2015,Mick Crebagga,,,
2015,Ivan Gibson,,,
2015,Dario Medina,,,
2015,Eugene Hildebrand,,,
2015,Sanjit Engle,,,
2015,Patrick Ryan,,,
2015,Andy Reiter,,,
2015,Robert Dilbeck,,,
2015,Zuschuss Carroll,,,
2015,Anthony Witt,,,
2015,Heather Jas,,,
2015,Sonia Sunley,,,
2015,Eugene Barchas,,,
2015,Thea Hendricks,,,
2015,Frank Preis,,,
2015,Theone Pippenger,,,
2015,Theresa Swint,,,
2015,Brad Norvell,,,
2015,Sarah Brown,,,
2015,Lauren Leatherbury,,,
2015,Denise Monton,,,
2015,George Ashbrook,,,
2015,Jessica Myrick,,,
2015,Darren Powers,,,
2015,Kelly Williams,,,
2015,Roland Fjeld,,,
2015,Deanra Eno,,,
2015,Nathan Cano,,,
2015,Michael Paige,,,
2015,Patrick Gardner,,,
2015,Erica Smith,,,
2015,Olvera Toch,,,
2015,Juliana Krohn,,,
2015,Annie Zypern,,,
2015,Deborah Brumfield,,,
2015,Jill Stevenson,,,
2015,Linda Southworth,,,
2015,Joel Eaton,,,
2015,Sue Ann Reed,,,
2015,Greg Tran,,,
2015,Tony Chapman,,,
2015,Russell Applegate,,,
2015,Shirley Daniels,,,
2015,Paul Stevenson,,,
2015,Benjamin Patterson,,,
2015,Jane Waco,,,
2015,Jennifer Braxton,,,
2015,David Bremer,,,
2015,Patrick O'Brill,,,
2015,Noah Childs,,,
2015,Julia Barnett,,,
2015,Stewart Visinsky,,,
2015,Lena Cacioppo,,,
2015,Alan Schoenberger,,,
2015,Laura Armstrong,,,
2015,Anna Häberlin,,,
2015,Stuart Van,,,
2015,Anna Gayman,,,
2015,Chris Cortes,,,
2015,Daniel Lacy,,,
2015,Alejandro Ballentine,,,
2015,Natalie Webber,,,
2015,Max Engle,,,
2015,Cindy Stewart,,,
2015,Larry Tron,,,
2015,Rose O'Brian,,,
2015,James Galang,,,
2015,Ben Ferrer,,,
2015,Hunter Glantz,,,
2015,Tracy Hopkins,,,
2015,Odella Nelson,,,
2015,Dianna Vittorini,,,
2015,Anthony Jacobs,,,
2015,Michelle Ellison,,,
2015,Henry Goldwyn,,,
2015,Erin Ashbrook,,,
2015,Emily Burns,,,
2015,Kristen Hastings,,,
2015,Nathan Mautz,,,
2015,Vivek Sundaresam,,,
2015,Justin Hirsh,,,
2015,Nora Pelletier,,,
2015,Craig Yedwab,,,
2015,Muhammed MacIntyre,,,
2015,Pamela Stobb,,,
2015,Neil Knudson,,,
2015,Maxwell Schwartz,,,
2015,Trudy Brown,,,
2015,Victoria Pisteka,,,
2015,Chad Cunningham,,,
2015,Edward Nazzal,,,
2015,Brendan Dodson,,,
2015,Stephanie Phelps,,,
2015,Sample Company A,,,
2015,Tamara Manning,,,
2015,Bill Donatelli,,,
2015,Muhammed Lee,,,
2015,Janet Molinari,,,
2015,Katrina Edelman,,,
2015,Ashley Jarboe,,,
2015,Catherine Glotzbach,,,
2015,Tracy Collins,,,
2015,Becky Pak,,,
2015,Brenda Bowman,,,
2015,Eleni McCrary,,,
2015,Harold Dahlen,,,
2015,Maureen Gnade,,,
2015,Anthony Garverick,,,
2015,Trudy Glocke,,,
2015,Max Jones,,,
2015,Brian Dahlen,,,
2015,Jim Epp,,,
2015,Giulietta Baptist,,,
2015,Laurel Elliston,,,
2015,Jonathan Howell,,,
2015,Sam Zeldin,,,
2015,Barbara Fisher,,,
2015,Frank Carlisle,,,
2015,Alan Dominguez,,,
2015,Amy Cox,,,
2015,Grace Kelly,,,
2015,Lycoris Saunders,,,
2015,Lena Creighton,,,
2015,Skye Norling,,,
2015,Bruce Geld,,,
2015,Keith Herrera,,,
2015,Logan Haushalter,,,
2015,Maria Etezadi,,,
2015,Katherine Murray,,,
2015,Paul Prost,,,
2015,Stewart Carmichael,,,
2015,Becky Castell,,,
2015,Ken Lonsdale,,,
2015,Michael Grace,,,
2015,Shaun Weien,,,
2015,Rick Duston,,,
2015,Christine Sundaresam,,,
2015,Randy Ferguson,,,
2015,Cathy Hwang,,,
2015,Dennis Bolton,,,
2015,Dorothy Wardle,,,
2015,Mark Packer,,,
2015,Steven Cartwright,,,
2015,Michelle Moray,,,
2015,Neil Französisch,,,
2015,Rob Haberlin,,,
2015,Bruce Degenhardt,,,
2015,Deirdre Greer,,,
2015,Irene Maddox,,,
2015,Julie Prescott,,,
2015,Victor Preis,,,
2015,Mitch Webber,,,
2015,Roland Schwarz,,,
2015,Kalyca Meade,,,
2015,Darrin Martin,,,
2015,Brian Thompson,,,
2015,Matt Collins,,,
2015,Kean Nguyen,,,
2015,Eric Hoffmann,,,
2015,Clytie Kelty,,,
2015,Shahid Collister,,,
2015,Todd Sumrall,,,
2015,Rob Lucas,,,
2015,Fred McMath,,,
2015,Natalie DeCherney,,,
2015,Neil Ducich,,,
2015,Michael Granlund,,,
2015,Victoria Brennan,,,
2015,Karen Carlisle,,,
2015,Pauline Johnson,,,
2015,Thais Sissman,,,
2015,Ralph Kennedy,,,
2015,Melanie Seite,,,
2015,Shirley Schmidt,,,
2015,Ross Baird,,,
2015,Michelle Huthwaite,,,
2015,Russell D'Ascenzo,,,
2015,Cynthia Arntzen,,,
2015,Helen Andreada,,,
2015,Cyma Kinney,,,
2015,Corey Catlett,,,
2015,Gary Hansen,,,
2015,Rick Hansen,,,
2015,Allen Rosenblatt,,,
2015,Steve Chapman,,,
2015,Pauline Chand,,,
2015,Corey-Lock,,,
2015,Brad Eason,,,
2015,Darren Koutras,,,
2015,Rachel Payne,,,
2015,Parhena Norris,,,
2015,Jim Karlsson,,,
2015,Eudokia Martin,,,
2015,Denny Blanton,,,
2015,David Smith,,,
2015,Naresj Patel,,,
2015,Ruben Ausman,,,
2015,Hallie Redmond,,,
2015,Julie Kriz,,,
2015,William Brown,,,
2015,Barry Weirich,,,
2015,Philisse Overcash,,,
2015,Ralph Arnett,,,
2015,Ed Jacobs,,,
2015,Sandra Flanagan,,,
2015,Tim Taslimi,,,
2015,Richard Eichhorn,,,
2015,John Murray,,,
2015,Joni Wasserman,,,
2015,Shaun Chance,,,
2015,Nick Zandusky,,,
2015,Sean Miller,,,
2015,Dave Poirier,,,
2015,Roger Barcio,,,
2015,Tamara Dahlen,,,
2015,Fred Harton,,,
2015,Cassandra Brandow,,,
2015,Katrina Willman,,,
2015,Nancy Lomonaco,,,
2015,Ryan Akin,,,
2015,Philip Fox,,,
2015,Andrew Roberts,,,
2015,Rick Huthwaite,,,
2015,Doug Bickford,,,
2015,Julie Creighton,,,
2015,Mike Gockenbach,,,
2015,Ann Steele,,,
2015,Arthur Gainer,,,
2015,Cathy Armstrong,,,
2015,Tamara Willingham,,,
2015,Beth Thompson,,,
2015,Chuck Clark,,,
2015,Alyssa Tate,,,
2015,Brendan Sweed,,,
2015,Andy Gerbode,,,
2015,Lisa Ryan,,,
2015,Tanja Norvell,,,
2015,Neoma Murray,,,
2015,Aimee Bixby,,,
2015,Edward Hooks,,,
2015,Bobby Odegard,,,
2015,Alex Russell,,,
2015,Sean Braxton,,,
2015,Don Miller,,,
2015,George Bell,,,
2015,Paul Gonzalez,,,
2015,Craig Carreira,,,
2015,Harry Greene,,,
2015,Anne McFarland,,,
2015,Ken Dana,,,
2015,Christina Anderson,,,
2015,Nat Gilpin,,,
2015,Carol Triggs,,,
2015,Brendan Murry,,,
2015,Ann Chong,,,
2015,Bradley Drucker,,,
2015,Tracy Blumstein,,,
2015,Meg O'Connel,,,
2015,Lindsay Shagiari,,,
2015,Justin Ritter,,,
2015,Adam Bellavance,,,
2015,Charlotte Melton,,,
2015,Nicole Hansen,,,
2015,Giulietta Weimer,,,
2015,Marc Harrigan,,,
2015,Alejandro Grove,,,
2015,Tamara Chand,,,
2015,Barry Gonzalez,,,
2015,Chad Sievert,,,
2015,Cynthia Delaney,,,
2015,Duane Huffman,,,
2015,Sanjit Jacobs,,,
2015,Steve Carroll,,,
2015,Carlos Meador,,,
2015,Kunst Miller,,,
2015,Maria Bertelson,,,
2015,Jamie Frazer,,,
2015,Phillina Ober,,,
2015,Dan Reichenbach,,,
2015,Erica Hackney,,,
2015,Sally Hughsby,,,
2015,Marina Lichtenstein,,,
2015,Carlos Soltero,,,
2015,Bryan Spruell,,,
2015,Helen Wasserman,,,
2015,Jamie Kunitz,,,
2015,Saphhira Shifley,,,
2015,Robert Marley,,,
2015,Eric Murdock,,,
2015,Jennifer Patt,,,
2015,Christopher Schild,,,
2015,Henry MacAllister,,,
2015,Mary Zewe,,,
2015,Bruce Stewart,,,
2015,Denny Joy,,,
2015,Alex Avila,,,
2015,Joel Jenkins,,,
2015,Jeremy Farry,,,
2015,Gene Hale,,,
2015,Tim Brockman,,,
2015,Brian Moss,,,
2015,Sonia Cooley,,,
2015,David Philippe,,,
2015,Sean O'Donnell,,,
2015,Shahid Hopkins,,,
2015,Art Foster,,,
2015,Claire Gute,,,
2015,Kristina Nunn,,,
2015,John Castell,,,
2015,Cari Schnelling,,,
2015,Liz Thompson,,,
2015,Jay Fein,,,
2015,Michelle Tran,,,
2015,Heather Kirkland,,,
2015,Maribeth Yedwab,,,
2015,Barry Französisch,,,
2015,Harold Pawlan,,,
2015,Kean Thornton,,,
2015,Sandra Glassco,,,
2015,Valerie Mitchum,,,
2015,Quincy Jones,,,
2015,MaryBeth Skach,,,
2015,Jas O'Carroll,,,
2015,Kelly Collister,,,
2015,Scot Wooten,,,
2015,Emily Ducich,,,
2015,Barry Blumstein,,,
2015,Emily Grady,,,
2015,Grant Thornton,,,
2015,Nathan Gelder,,,
2015,Christy Brittain,,,
2015,Meg Tillman,,,
2015,Karen Bern,,,
2015,Christine Phan,,,
2015,Doug O'Connell,,,
2015,Adrian Barton,,,
2015,Helen Abelman,,,
2015,Maria Zettner,,,
2015,Sanjit Chand,,,
2015,Duane Benoit,,,
2015,Keith Dawkins,,,
2015,Adam Shillingsburg,,,
2015,Dean percer,,,
2015,Alan Hwang,,,
2015,Sam Craven,,,
2015,Yoseph Carroll,,,
2015,Arthur Wiediger,,,
2015,Patrick Jones,,,
2015,Maureen Gastineau,,,
2015,Gary Zandusky,,,
2015,Dean Katz,,,
2015,Maya Herman,,,
2015,Mike Pelletier,,,
2015,Matt Connell,,,
2015,John Grady,,,
2015,Greg Hansen,,,
2015,Brian Stugart,,,
2015,Anna Andreadi,,,
2015,Aleksandra Gannaway,,,
2015,Katherine Ducich,,,
2015,Dan Lawera,,,
2015,Patrick Bzostek,,,
2015,Katrina Bavinger,,,
2015,Denise Leinenbach,,,
2015,Shahid Shariari,,,
2015,Anne Pryor,,,
2015,Annie Thurman,,,
2015,Guy Phonely,,,
2015,Stefanie Holloman,,,
2015,Carlos Daly,,,
2015,Thomas Brumley,,,
2015,Steve Nguyen,,,
2015,Matt Abelman,,,
2015,Tom Prescott,,,
2015,Mark Cousins,,,
2015,Michelle Arnett,,,
2015,Eileen Kiefer,,,
2015,Raymond Messe,,,
2015,Janet Lee,,,
2015,Lena Radford,,,
2015,Logan Currie,,,
2015,Bill Stewart,,,
2015,Jack Garza,,,
2015,Ritsa Hightower,,,
2015,Harry Marie,,,
2015,Tracy Zic,,,
2015,Matt Hagelstein,,,
2015,Stephanie Ulpright,,,
2015,Brian Derr,,,
2015,Rick Reed,,,
2015,Gary Hwang,,,
2015,Dennis Kane,,,
2015,Speros Goranitis,,,
2015,Art Ferguson,,,
2015,Tonja Turnell,,,
2015,Ken Brennan,,,
2015,Khloe Miller,,,
2015,Stuart Calhoun,,,
2015,Joni Blumstein,,,
2015,Xylona Preis,,,
2015,Jonathan Doherty,,,
2015,Karen Daniels,,,
2015,Doug Jacobs,,,
2015,Darren Budd,,,
2015,Natalie Fritzler,,,
2015,John Lee,,,
2015,Michael Kennedy,,,
2015,Robert Barroso,,,
2015,Peter McVee,,,
2015,Evan Minnotte,,,
2015,John Stevenson,,,
2015,Elpida Rittenbach,,,
2015,Lynn Smith,,,
2015,Roger Demir,,,
2015,Adam Hart,,,
2015,Jim Radford,,,
2015,Kean Takahito,,,
2015,Dionis Lloyd,,,
2015,Lena Hernandez,,,
2015,David Flashing,,,
2015,Maribeth Dona,,,
2015,Brad Thomas,,,
2015,Aaron Hawkins,,,
2015,Roy Französisch,,,
2015,Clay Ludtke,,,
2016,Brendan Murry,,,
2016,Lena Radford,,,
2016,Christine Abelman,,,
2016,Bill Overfelt,,,
2016,Erica Bern,,,
2016,Ben Peterman,,,
2016,Anthony Johnson,,,
2016,Dianna Wilson,,,
2016,Neoma Murray,,,
2016,Jack O'Briant,,,
2016,Vivek Sundaresam,,,
2016,Laura Armstrong,,,
2016,Maureen Fritzler,,,
2016,Ken Black,,,
2016,Joy Bell-,,,
2016,Deanra Eno,,,
2016,Mark Packer,,,
2016,Anna Gayman,,,
2016,Dean percer,,,
2016,Roy Collins,,,
2016,William Brown,,,
2016,Bill Eplett,,,
2016,Eric Hoffmann,,,
2016,Chuck Clark,,,
2016,Dionis Lloyd,,,
2016,Tamara Dahlen,,,
2016,Paul Gonzalez,,,
2016,Carlos Meador,,,
2016,Marc Crier,,,
2016,Frank Preis,,,
2016,Bradley Talbott,,,
2016,Toby Braunhardt,,,
2016,Christy Brittain,,,
2016,Claudia Bergmann,,,
2016,Henry Goldwyn,,,
2016,Todd Boyes,,,
2016,Jonathan Doherty,,,
2016,Jeremy Farry,,,
2016,Steven Cartwright,,,
2016,Tim Brockman,,,
2016,Harold Engle,,,
2016,David Flashing,,,
2016,Sample Company A,,,
2016,Aimee Bixby,,,
2016,Jason Klamczynski,,,
2016,Ben Ferrer,,,
2016,Cyma Kinney,,,
2016,Suzanne McNair,,,
2016,Adrian Barton,,,
2016,Sanjit Engle,,,
2016,Noel Staavos,,,
2016,Liz Carlisle,,,
2016,Tracy Blumstein,,,
2016,Maribeth Schnelling,,,
2016,Jennifer Braxton,,,
2016,Paul Prost,,,
2016,Annie Zypern,,,
2016,Karen Bern,,,
2016,Christina Anderson,,,
2016,Bobby Elias,,,
2016,Cathy Hwang,,,
2016,Mark Haberlin,,,
2016,Justin Ritter,,,
2016,Phillip Breyer,,,
2016,John Stevenson,,,
2016,Ross DeVincentis,,,
2016,Dave Kipp,,,
2016,Fred McMath,,,
2016,Patrick Gardner,,,
2016,Erin Ashbrook,,,
2016,John Dryer,,,
2016,Giulietta Weimer,,,
2016,Jill Fjeld,,,
2016,Greg Tran,,,
2016,Alan Hwang,,,
2016,Matthew Clasen,,,
2016,Benjamin Venier,,,
2016,Lindsay Castell,,,
2016,Paul Van Hugh,,,
2016,Tracy Zic,,,
2016,Alyssa Crouse,,,
2016,Bruce Degenhardt,,,
2016,Dan Lawera,,,
2016,Eric Barreto,,,
2016,Don Weiss,,,
2016,Rick Reed,,,
2016,Lena Cacioppo,,,
2016,Karen Daniels,,,
2016,Odella Nelson,,,
2016,Brosina Hoffman,,,
2016,Jason Gross,,,
2016,Craig Carreira,,,
2016,Chris Cortes,,,
2016,Theresa Swint,,,
2016,Alex Avila,,,
2016,Michael Granlund,,,
2016,Randy Ferguson,,,
2016,Rick Duston,,,
2016,Eleni McCrary,,,
2016,Rob Williams,,,
2016,Julia Barnett,,,
2016,Ed Braxton,,,
2016,Zuschuss Carroll,,,
2016,Brian DeCherney,,,
2016,Giulietta Baptist,,,
2016,Sanjit Jacobs,,,
2016,Stephanie Phelps,,,
2016,Rick Bensley,,,
2016,Pamela Stobb,,,
2016,Caroline Jumper,,,
2016,Bryan Davis,,,
2016,Karen Ferguson,,,
2016,Rick Huthwaite,,,
2016,Maya Herman,,,
2016,Mick Brown,,,
2016,Julie Prescott,,,
2016,Brad Thomas,,,
2016,Mike Caudle,,,
2016,Clytie Kelty,,,
2016,Dean Katz,,,
2016,Scot Wooten,,,
2016,Tamara Willingham,,,
2016,Liz Thompson,,,
2016,Adam Bellavance,,,
2016,Edward Hooks,,,
2016,Stewart Carmichael,,,
2016,Dennis Bolton,,,
2016,Henia Zydlo,,,
2016,Muhammed MacIntyre,,,
2016,Sibella Parks,,,
2016,Paul Lucas,,,
2016,Fred Chung,,,
2016,Muhammed Yedwab,,,
2016,Christine Sundaresam,,,
2016,Vivian Mathis,,,
2016,Gary Zandusky,,,
2016,Anna Chung,,,
2016,Rose O'Brian,,,
2016,Dave Brooks,,,
2016,Bobby Trafton,,,
2016,Susan Vittorini,,,
2016,Corey Catlett,,,
2016,Peter Bühler,,,
2016,Robert Dilbeck,,,
2016,Aaron Hawkins,,,
2016,Kean Takahito,,,
2016,Dario Medina,,,
2016,Robert Barroso,,,
2016,Dan Reichenbach,,,
2016,Vivek Grady,,,
2016,Dan Campbell,,,
2016,Damala Kotsonis,,,
2016,Dean Braden,,,
2016,Mark Van Huff,,,
2016,David Smith,,,
2016,Aaron Smayling,,,
2016,Maria Etezadi,,,
2016,Janet Martin,,,
2016,Troy Blackwell,,,
2016,Cathy Prescott,,,
2016,Carlos Soltero,,,
2016,Erica Hackney,,,
2016,Raymond Buch,,,
2016,Barry Blumstein,,,
2016,Thomas Boland,,,
2016,Daniel Byrd,,,
2016,Denny Joy,,,
2016,Zuschuss Donatelli,,,
2016,Steven Roelle,,,
2016,Evan Henry,,,
2016,Becky Castell,,,
2016,Gary Mitchum,,,
2016,Justin Hirsh,,,
2016,Valerie Mitchum,,,
2016,Yoseph Carroll,,,
2016,Dorris liebe,,,
2016,Sarah Foster,,,
2016,Erin Smith,,,
2016,Alan Shonely,,,
2016,Jeremy Lonsdale,,,
2016,Logan Currie,,,
2016,Eugene Hildebrand,,,
2016,Raymond Messe,,,
2016,Christine Kargatis,,,
2016,Edward Becker,,,
2016,Sean Wendt,,,
2016,Herbert Flentye,,,
2016,Filia McAdams,,,
2016,Brian Thompson,,,
2016,Quincy Jones,,,
2016,Brian Dahlen,,,
2016,Beth Paige,,,
2016,Jason Fortune-,,,
2016,Susan Pistek,,,
2016,Philip Brown,,,
2016,Tom Boeckenhauer,,,
2016,Jill Matthias,,,
2016,Ross Baird,,,
2016,Bill Donatelli,,,
2016,Julie Kriz,,,
2016,Arthur Prichep,,,
2016,Bill Shonely,,,
2016,Bryan Mills,,,
2016,Pete Kriz,,,
2016,Jessica Myrick,,,
2016,Charles Sheldon,,,
2016,Clay Rozendal,,,
2016,Roy Französisch,,,
2016,Thea Hudgings,,,
2016,Cindy Schnelling,,,
2016,Jas O'Carroll,,,
2016,Kunst Miller,,,
2016,Duane Noonan,,,
2016,Tanja Norvell,,,
2016,Ed Ludwig,,,
2016,Tonja Turnell,,,
2016,Michael Moore,,,
2016,Grace Kelly,,,
2016,Heather Kirkland,,,
2016,Max Jones,,,
2016,Art Ferguson,,,
2016,Cathy Armstrong,,,
2016,Jack Lebron,,,
2016,Craig Leslie,,,
2016,John Lucas,,,
2016,Nona Balk,,,
2016,Erica Hernandez,,,
2016,Rob Beeghly,,,
2016,John Lee,,,
2016,Ken Dana,,,
2016,Chris McAfee,,,
2016,Cindy Chapman,,,
2016,Adam Shillingsburg,,,
2016,Nick Radford,,,
2016,Susan MacKendrick,,,
2016,Natalie DeCherney,,,
2016,Patrick Jones,,,
2016,Barry Franz,,,
2016,Darrin Martin,,,
2016,Amy Hunt,,,
2016,Lindsay Williams,,,
2016,Brad Eason,,,
2016,Gene McClure,,,
2016,George Bell,,,
2016,Clay Ludtke,,,
2016,Trudy Brown,,,
2016,Sonia Sunley,,,
2016,Julia West,,,
2016,Paul Stevenson,,,
2016,Ricardo Sperren,,,
2016,Thea Hendricks,,,
2016,Cynthia Voltz,,,
2016,Roger Demir,,,
2016,Christopher Schild,,,
2016,Ted Trevino,,,
2016,Harry Marie,,,
2016,Logan Haushalter,,,
2016,Michael Kennedy,,,
2016,Tiffany House,,,
2016,Steve Nguyen,,,
2016,Thomas Thornton,,,
2016,Darren Powers,,,
2016,Michael Nguyen,,,
2016,Jim Radford,,,
2016,Denny Ordway,,,
2016,Sanjit Chand,,,
2016,Roy Phan,,,
2016,Arthur Gainer,,,
2016,Luke Weiss,,,
2016,Laurel Elliston,,,
2016,Bradley Nguyen,,,
2016,Bill Tyler,,,
2016,Anna Häberlin,,,
2016,Joe Kamberova,,,
2016,Linda Cazamias,,,
2016,Christine Phan,,,
2016,Alejandro Savely,,,
2016,Sally Hughsby,,,
2016,Jim Epp,,,
2016,Lisa DeCherney,,,
2016,Ken Lonsdale,,,
2016,Anne Pryor,,,
2016,Christopher Conant,,,
2016,Dennis Pardue,,,
2016,Maurice Satty,,,
2016,Stewart Visinsky,,,
2016,Brian Stugart,,,
2016,Lynn Smith,,,
2016,Valerie Dominguez,,,
2016,Kimberly Carter,,,
2016,Rob Lucas,,,
2016,Maribeth Yedwab,,,
2016,Robert Waldorf,,,
2016,Brooke Gillingham,,,
2016,Justin MacKendrick,,,
2016,Nancy Lomonaco,,,
2016,Eugene Moren,,,
2016,Annie Thurman,,,
2016,Karen Carlisle,,,
2016,Edward Nazzal,,,
2016,Joni Sundaresam,,,
2016,Janet Lee,,,
2016,Chloris Kastensmidt,,,
2016,Ken Brennan,,,
2016,Scot Coram,,,
2016,Liz Preis,,,
2016,Frank Merwin,,,
2016,Roy Skaria,,,
2016,Greg Matthias,,,
2016,Toby Carlisle,,,
2016,Benjamin Farhat,,,
2016,Olvera Toch,,,
2016,Mary Zewe,,,
2016,Erica Smith,,,
2016,Seth Vernon,,,
2016,Darrin Van Huff,,,
2016,Philisse Overcash,,,
2016,Craig Reiter,,,
2016,Arthur Wiediger,,,
2016,Marc Harrigan,,,
2016,Jim Sink,,,
2016,Anthony Rawles,,,
2016,James Lanier,,,
2016,Jennifer Jackson,,,
2016,Ted Butterfield,,,
2016,Ivan Gibson,,,
2016,Mike Vittorini,,,
2016,Lena Creighton,,,
2016,Denise Monton,,,
2016,Lena Hernandez,,,
2016,Dave Poirier,,,
2016,Catherine Glotzbach,,,
2016,Irene Maddox,,,
2016,Maureen Gnade,,,
2016,Ruben Dartt,,,
2016,Sally Matthias,,,
2016,Hunter Lopez,,,
2016,Dave Hallsten,,,
2016,John Grady,,,
2016,Alejandro Ballentine,,,
2016,Lela Donovan,,,
2016,Skye Norling,,,
2016,Adam Hart,,,
2016,Victoria Pisteka,,,
2016,Phillip Flathmann,,,
2016,Katharine Harms,,,
2016,Roland Fjeld,,,
2016,Chris Selesnick,,,
2016,Becky Pak,,,
2016,Corey-Lock,,,
2016,Philip Fox,,,
2016,Adrian Hane,,,
2016,Jay Fein,,,
2016,Stephanie Ulpright,,,
2016,Nick Zandusky,,,
2016,Katherine Hughes,,,
2016,Guy Thornton,,,
2016,Anna Andreadi,,,
2016,Steve Chapman,,,
2016,Barry Französisch,,,
2016,Chad Cunningham,,,
2016,Joe Elijah,,,
2016,Allen Armold,,,
2016,Kristen Hastings,,,
2016,Theone Pippenger,,,
2016,Steven Ward,,,
2016,Rob Haberlin,,,
2016,Richard Eichhorn,,,
2016,Anemone Ratner,,,
2016,Mark Cousins,,,
2016,Alice McCarthy,,,
2016,Ruben Ausman,,,
2016,Matt Collister,,,
2016,Andrew Allen,,,
2016,Dennis Kane,,,
2016,Linda Southworth,,,
2016,Jennifer Patt,,,
2016,Nora Paige,,,
2016,Neil Knudson,,,
2016,Joy Smith,,,
2016,Tracy Collins,,,
2016,Pauline Johnson,,,
2016,Kristina Nunn,,,
2016,Neil Französisch,,,
2016,Ivan Liston,,,
2016,Darren Budd,,,
2016,James Galang,,,
2016,Larry Blacks,,,
2016,Ken Heidel,,,
2016,Meg Tillman,,,
2016,Katherine Murray,,,
2016,Steve Carroll,,,
2016,Khloe Miller,,,
2016,Pierre Wener,,,
2016,Ritsa Hightower,,,
2016,Lindsay Shagiari,,,
2016,Susan Gilcrest,,,
2016,Thomas Seio,,,
2016,Alex Grayson,,,
2016,Max Ludwig,,,
2016,Ralph Arnett,,,
2016,Vivek Gonzalez,,,
2016,Liz MacKendrick,,,
2016,Dorothy Wardle,,,
2016,Corinna Mitchell,,,
2016,Charles Crestani,,,
2016,Helen Andreada,,,
2016,Gary Hansen,,,
2016,Michelle Tran,,,
2016,Nora Preis,,,
2016,Deborah Brumfield,,,
2016,Erin Mull,,,
2016,Hunter Glantz,,,
2016,Carol Triggs,,,
2016,Toby Ritter,,,
2016,Max Engle,,,
2016,Craig Yedwab,,,
2016,John Castell,,,
2016,Anthony O'Donnell,,,
2016,Jeremy Pistek,,,
2016,Helen Wasserman,,,
2016,Greg Guthrie,,,
2016,Natalie Fritzler,,,
2016,Matt Abelman,,,
2016,Resi Pölking,,,
2016,Rachel Payne,,,
2016,Jay Kimmel,,,
2016,Dorothy Dickinson,,,
2016,Sheri Gordon,,,
2016,Deirdre Greer,,,
2016,Tony Chapman,,,
2016,Pauline Webber,,,
2016,Mick Hernandez,,,
2016,Maxwell Schwartz,,,
2016,Don Jones,,,
2016,Tom Stivers,,,
2016,Shirley Schmidt,,,
2016,Xylona Preis,,,
2016,Stuart Van,,,
2016,Sung Shariari,,,
2016,Elizabeth Moffitt,,,
2016,Chad Sievert,,,
2016,Tom Prescott,,,
2016,Meg O'Connel,,,
2016,Patrick O'Brill,,,
2016,Bruce Geld,,,
2016,Joseph Airdo,,,
2016,Laurel Beltran,,,
2016,Sam Zeldin,,,
2016,Tom Ashbrook,,,
2016,Toby Gnade,,,
2016,Becky Martin,,,
2016,Paul Knutson,,,
2016,Matt Hagelstein,,,
2016,Christina VanderZanden,,,
2016,Delfina Latchford,,,
2016,Ionia McGrath,,,
2016,Marina Lichtenstein,,,
2016,Jasper Cacioppo,,,
2016,Joseph Holt,,,
2016,Don Miller,,,
2016,Pete Takahito,,,
2016,Maribeth Dona,,,
2016,Fred Wasserman,,,
2016,Elpida Rittenbach,,,
2016,Mary O'Rourke,,,
2016,Karl Braun,,,
2016,Michael Grace,,,
2016,Troy Staebel,,,
2016,Parhena Norris,,,
2016,Kean Thornton,,,
2016,Dianna Vittorini,,,
2016,Kelly Collister,,,
2016,Giulietta Dortch,,,
2016,Eugene Barchas,,,
2016,Ryan Crowe,,,
2016,Alejandro Grove,,,
2016,Justin Deggeller,,,
2016,Angele Hood,,,
2016,Keith Dawkins,,,
2016,Corey Roper,,,
2016,Cindy Stewart,,,
2016,Brendan Sweed,,,
2016,Patrick O'Donnell,,,
2016,Henry MacAllister,,,
2016,Anne McFarland,,,
2016,Magdelene Morse,,,
2016,Jane Waco,,,
2016,Shirley Daniels,,,
2016,Frank Hawley,,,
2016,Greg Maxwell,,,
2016,Helen Abelman,,,
2016,Heather Jas,,,
2016,Amy Cox,,,
2016,Ann Steele,,,
2016,Nora Pelletier,,,
2016,Kelly Lampkin,,,
2016,Russell Applegate,,,
2016,Candace McMahon,,,
2016,Benjamin Patterson,,,
2016,Nicole Hansen,,,
2016,Katrina Edelman,,,
2016,Tony Sayre,,,
2016,Chuck Magee,,,
2016,Shahid Collister,,,
2016,Lisa Ryan,,,
2016,Brian Moss,,,
2016,Shaun Weien,,,
2016,Andy Reiter,,,
2016,Maris LaWare,,,
2016,Sarah Jordon,,,
2016,Jamie Kunitz,,,
2016,Tim Taslimi,,,
2016,Tamara Chand,,,
2016,Emily Burns,,,
2016,Tracy Poddar,,,
2016,Daniel Raglin,,,
2016,Melanie Seite,,,
2016,Jonathan Howell,,,
2016,Mick Crebagga,,,
2016,Bart Watters,,,
2016,Joel Eaton,,,
2016,Peter McVee,,,
2016,Doug Bickford,,,
2016,Michael Paige,,,
2016,Maria Zettner,,,
2016,Emily Phan,,,
2016,Noah Childs,,,
2016,Nathan Cano,,,
2016,Patrick Bzostek,,,
2016,Cynthia Delaney,,,
2016,Frank Carlisle,,,
2016,Luke Foster,,,
2016,Andrew Gjertsen,,,
2016,Charles McCrossin,,,
2016,Victoria Wilson,,,
2016,MaryBeth Skach,,,
2016,Emily Ducich,,,
2016,Jill Stevenson,,,
2016,Jeremy Ellison,,,
2016,Bart Pistole,,,
2016,Ben Wallace,,,
2016,Pete Armstrong,,,
2016,Denise Leinenbach,,,
2016,Victoria Brennan,,,
2016,Jim Mitchum,,,
2016,Katrina Willman,,,
2016,Frank Olsen,,,
2016,Sylvia Foulston,,,
2016,Natalie Webber,,,
2016,Lisa Hazard,,,
2016,Carl Weiss,,,
2016,Michelle Arnett,,,
2016,Evan Bailliet,,,
2016,Liz Willingham,,,
2016,Eudokia Martin,,,
2016,Penelope Sewall,,,
2016,Michael Chen,,,
2016,Claire Gute,,,
2016,Pamela Coakley,,,
2016,Debra Catini,,,
2016,Art Foster,,,
2016,Kalyca Meade,,,
2016,Arianne Irving,,,
2016,Aaron Bergman,,,
2016,Scott Williamson,,,
2016,Brenda Bowman,,,
2016,Berenike Kampe,,,
2016,Liz Pelletier,,,
2016,Sung Chung,,,
2016,Adrian Shami,,,
2016,Ralph Ritter,,,
2016,Maria Bertelson,,,
2016,Barry Gonzalez,,,
2016,Sean Braxton,,,
2016,Ashley Jarboe,,,
2016,Doug Jacobs,,,
2016,Janet Molinari,,,
2016,Allen Goldenen,,,
2016,David Wiener,,,
2016,Barbara Fisher,,,
2016,Matt Connell,,,
2016,Shirley Jackson,,,
2016,Frank Atkinson,,,
2016,Rob Dowd,,,
2016,Luke Schmidt,,,
2016,Matthew Grinstein,,,
2016,Nat Carroll,,,
2016,Alyssa Tate,,,
2016,Neola Schneider,,,
2016,Carol Darley,,,
2016,George Ashbrook,,,
2016,Sung Pak,,,
2016,Barry Pond,,,
2016,Mark Hamilton,,,
2016,Cassandra Brandow,,,
2016,Sally Knutson,,,
2016,Anthony Jacobs,,,
2016,Nick Crebassa,,,
2016,Bruce Stewart,,,
2016,Carl Ludwig,,,
2016,John Murray,,,
2016,Eva Jacobs,,,
2016,Fred Hopkins,,,
2016,Mike Kennedy,,,
2016,Jamie Frazer,,,
2016,Alan Schoenberger,,,
2016,Emily Grady,,,
2016,Gary McGarr,,,
2016,Ellis Ballard,,,
2016,Justin Ellison,,,
2016,Aleksandra Gannaway,,,
2016,Mike Pelletier,,,
2016,Gene Hale,,,
2016,Stefania Perrino,,,
2016,Paul MacIntyre,,,
2016,Sara Luxemburg,,,
2016,Cynthia Arntzen,,,
2016,Erin Creighton,,,
2016,Shahid Hopkins,,,
2016,Sandra Flanagan,,,
2016,Alan Haines,,,
2016,Andy Yotov,,,
2016,Stuart Calhoun,,,
2016,Matt Collins,,,
2016,Sue Ann Reed,,,
2016,Carol Adams,,,
2016,Sean Christensen,,,
2016,Saphhira Shifley,,,
2016,Laurel Workman,,,
2016,Trudy Schmidt,,,
2016,Andrew Roberts,,,
2016,Mitch Webber,,,
2016,Joni Wasserman,,,
2016,Kelly Andreada,,,
2016,Carlos Daly,,,
2016,Carl Jackson,,,
2016,Duane Benoit,,,
2017,Guy Armstrong,,,
2017,Steven Cartwright,,,
2017,Dennis Pardue,,,
2017,Janet Martin,,,
2017,Aaron Smayling,,,
2017,Trudy Schmidt,,,
2017,Fred Wasserman,,,
2017,Delfina Latchford,,,
2017,Christopher Martinez,,,
2017,Bart Watters,,,
2017,Thais Sissman,,,
2017,Jamie Frazer,,,
2017,Ricardo Sperren,,,
2017,Beth Paige,,,
2017,Dianna Arnett,,,
2017,Linda Southworth,,,
2017,David Bremer,,,
2017,Cathy Prescott,,,
2017,Rob Beeghly,,,
2017,Tracy Poddar,,,
2017,Brosina Hoffman,,,
2017,Sean O'Donnell,,,
2017,Hallie Redmond,,,
2017,Robert Waldorf,,,
2017,Sanjit Chand,,,
2017,Tonja Turnell,,,
2017,Tim Brockman,,,
2017,Jack O'Briant,,,
2017,Andy Reiter,,,
2017,Dan Lawera,,,
2017,Neola Schneider,,,
2017,Raymond Messe,,,
2017,Cynthia Voltz,,,
2017,Thea Hendricks,,,
2017,Tamara Manning,,,
2017,Jeremy Farry,,,
2017,Maris LaWare,,,
2017,Darrin Sayre,,,
2017,Penelope Sewall,,,
2017,Mick Hernandez,,,
2017,Bobby Elias,,,
2017,Alan Dominguez,,,
2017,Edward Hooks,,,
2017,Matt Connell,,,
2017,Chris Selesnick,,,
2017,Harold Pawlan,,,
2017,Theone Pippenger,,,
2017,Keith Dawkins,,,
2017,Carol Adams,,,
2017,Claire Gute,,,
2017,Caroline Jumper,,,
2017,Bradley Drucker,,,
2017,John Huston,,,
2017,Toby Gnade,,,
2017,Beth Thompson,,,
2017,Giulietta Baptist,,,
2017,Craig Leslie,,,
2017,Clytie Kelty,,,
2017,Vivek Gonzalez,,,
2017,Rob Dowd,,,
2017,Bryan Davis,,,
2017,Benjamin Venier,,,
2017,Michael Moore,,,
2017,Eugene Hildebrand,,,
2017,Emily Burns,,,
2017,Liz Preis,,,
2017,Sam Zeldin,,,
2017,Dorothy Wardle,,,
2017,John Lee,,,
2017,Bill Overfelt,,,
2017,Matt Collins,,,
2017,Shahid Collister,,,
2017,Ross DeVincentis,,,
2017,Jay Fein,,,
2017,Cassandra Brandow,,,
2017,Fred Chung,,,
2017,Mark Van Huff,,,
2017,Sibella Parks,,,
2017,Skye Norling,,,
2017,Tom Prescott,,,
2017,Marina Lichtenstein,,,
2017,Sarah Bern,,,
2017,Mike Pelletier,,,
2017,Michael Nguyen,,,
2017,Victoria Wilson,,,
2017,Cari Sayre,,,
2017,Don Jones,,,
2017,Magdelene Morse,,,
2017,Fred Harton,,,
2017,Stewart Visinsky,,,
2017,Jennifer Patt,,,
2017,Mark Hamilton,,,
2017,Luke Foster,,,
2017,Nat Gilpin,,,
2017,Joy Smith,,,
2017,Julie Kriz,,,
2017,Lauren Leatherbury,,,
2017,Gary Hansen,,,
2017,Cyra Reiten,,,
2017,Christine Kargatis,,,
2017,Nicole Hansen,,,
2017,Max Engle,,,
2017,Emily Ducich,,,
2017,Helen Wasserman,,,
2017,Julie Prescott,,,
2017,Bart Pistole,,,
2017,Katherine Murray,,,
2017,Dave Kipp,,,
2017,Ann Chong,,,
2017,Christy Brittain,,,
2017,Erin Smith,,,
2017,Michelle Huthwaite,,,
2017,Scot Wooten,,,
2017,Bradley Talbott,,,
2017,Becky Martin,,,
2017,Dave Brooks,,,
2017,Duane Benoit,,,
2017,Stewart Carmichael,,,
2017,Maribeth Yedwab,,,
2017,Dorothy Badders,,,
2017,Joseph Airdo,,,
2017,Ken Dana,,,
2017,Roland Schwarz,,,
2017,Richard Eichhorn,,,
2017,Emily Phan,,,
2017,Ed Jacobs,,,
2017,Bill Tyler,,,
2017,Sung Pak,,,
2017,Darren Powers,,,
2017,Pete Kriz,,,
2017,Julia Dunbar,,,
2017,Claudia Bergmann,,,
2017,Roland Murray,,,
2017,Ben Ferrer,,,
2017,Sally Hughsby,,,
2017,Frank Carlisle,,,
2017,Don Weiss,,,
2017,Michael Granlund,,,
2017,Shahid Hopkins,,,
2017,Victoria Brennan,,,
2017,Alan Hwang,,,
2017,Lindsay Williams,,,
2017,Karl Braun,,,
2017,Karen Seio,,,
2017,Candace McMahon,,,
2017,Maribeth Dona,,,
2017,Max Jones,,,
2017,Marc Harrigan,,,
2017,Paul Van Hugh,,,
2017,Ken Black,,,
2017,Bill Stewart,,,
2017,Karen Ferguson,,,
2017,Benjamin Farhat,,,
2017,Sanjit Engle,,,
2017,Stephanie Ulpright,,,
2017,Joy Bell-,,,
2017,Meg Tillman,,,
2017,Frank Hawley,,,
2017,Brad Norvell,,,
2017,Valerie Mitchum,,,
2017,Matthew Grinstein,,,
2017,Susan Pistek,,,
2017,Clay Ludtke,,,
2017,Denny Blanton,,,
2017,Philisse Overcash,,,
2017,Ann Steele,,,
2017,Carol Darley,,,
2017,Edward Nazzal,,,
2017,Scott Williamson,,,
2017,Thomas Thornton,,,
2017,Barry Pond,,,
2017,Jason Klamczynski,,,
2017,Catherine Glotzbach,,,
2017,Natalie DeCherney,,,
2017,Sue Ann Reed,,,
2017,George Zrebassa,,,
2017,Vivek Grady,,,
2017,Troy Blackwell,,,
2017,Roger Demir,,,
2017,Harry Greene,,,
2017,Pauline Webber,,,
2017,Ted Butterfield,,,
2017,Paul Stevenson,,,
2017,Bill Eplett,,,
2017,Anna Chung,,,
2017,Erin Creighton,,,
2017,Mary Zewe,,,
2017,Sanjit Jacobs,,,
2017,Raymond Buch,,,
2017,Brian Moss,,,
2017,Harold Ryan,,,
2017,John Castell,,,
2017,Christina VanderZanden,,,
2017,Justin Deggeller,,,
2017,Filia McAdams,,,
2017,Gary McGarr,,,
2017,Maria Zettner,,,
2017,Michelle Lonsdale,,,
2017,Evan Minnotte,,,
2017,Heather Kirkland,,,
2017,Alejandro Grove,,,
2017,Brendan Dodson,,,
2017,Lena Cacioppo,,,
2017,Cyma Kinney,,,
2017,Dave Hallsten,,,
2017,Tony Molinari,,,
2017,Becky Pak,,,
2017,Maria Etezadi,,,
2017,Tom Boeckenhauer,,,
2017,Alan Barnes,,,
2017,David Smith,,,
2017,Chad McGuire,,,
2017,Denny Ordway,,,
2017,Daniel Byrd,,,
2017,Emily Grady,,,
2017,Jim Epp,,,
2017,Scott Cohen,,,
2017,Henry Goldwyn,,,
2017,Adam Shillingsburg,,,
2017,Maribeth Schnelling,,,
2017,Nick Crebassa,,,
2017,Barry Französisch,,,
2017,George Bell,,,
2017,Tony Chapman,,,
2017,Alyssa Tate,,,
2017,Amy Hunt,,,
2017,Katherine Hughes,,,
2017,Anne McFarland,,,
2017,Tom Ashbrook,,,
2017,Max Ludwig,,,
2017,Charles Sheldon,,,
2017,Christopher Schild,,,
2017,Denise Monton,,,
2017,Adrian Hane,,,
2017,Bryan Spruell,,,
2017,Ken Lonsdale,,,
2017,Noah Childs,,,
2017,Russell D'Ascenzo,,,
2017,Mitch Gastineau,,,
2017,Dennis Bolton,,,
2017,Bruce Stewart,,,
2017,Luke Weiss,,,
2017,Sample Company A,,,
2017,Jack Lebron,,,
2017,Henry MacAllister,,,
2017,Bill Donatelli,,,
2017,Rob Williams,,,
2017,Yana Sorensen,,,
2017,Dave Poirier,,,
2017,Christine Sundaresam,,,
2017,Harry Marie,,,
2017,Andrew Allen,,,
2017,Adam Hart,,,
2017,Noel Staavos,,,
2017,Shirley Daniels,,,
2017,Paul Lucas,,,
2017,Roy Französisch,,,
2017,Joel Eaton,,,
2017,Edward Becker,,,
2017,Jesus Ocampo,,,
2017,Sharelle Roach,,,
2017,Bruce Geld,,,
2017,Pamela Stobb,,,
2017,Brendan Murry,,,
2017,Sarah Jordon,,,
2017,Brad Eason,,,
2017,Shirley Jackson,,,
2017,Resi Pölking,,,
2017,Joni Wasserman,,,
2017,Katherine Nockton,,,
2017,Meg O'Connel,,,
2017,Bruce Degenhardt,,,
2017,Sally Knutson,,,
2017,Sean Christensen,,,
2017,Tamara Dahlen,,,
2017,Greg Guthrie,,,
2017,Parhena Norris,,,
2017,Damala Kotsonis,,,
2017,Christine Phan,,,
2017,Susan Vittorini,,,
2017,Art Ferguson,,,
2017,Mick Brown,,,
2017,Larry Hughes,,,
2017,Speros Goranitis,,,
2017,Rob Lucas,,,
2017,Larry Blacks,,,
2017,Arthur Prichep,,,
2017,Janet Lee,,,
2017,Kean Thornton,,,
2017,Dionis Lloyd,,,
2017,Quincy Jones,,,
2017,Saphhira Shifley,,,
2017,Neoma Murray,,,
2017,Erin Ashbrook,,,
2017,Nick Zandusky,,,
2017,Arthur Gainer,,,
2017,Elizabeth Moffitt,,,
2017,Dorothy Dickinson,,,
2017,Darren Budd,,,
2017,Mike Kennedy,,,
2017,Muhammed Yedwab,,,
2017,Chris Cortes,,,
2017,Darren Koutras,,,
2017,Lisa Hazard,,,
2017,Arianne Irving,,,
2017,Toby Carlisle,,,
2017,Gary Zandusky,,,
2017,Doug Bickford,,,
2017,Rick Wilson,,,
2017,Adam Bellavance,,,
2017,Carlos Soltero,,,
2017,Michelle Moray,,,
2017,Ed Braxton,,,
2017,Laurel Beltran,,,
2017,Liz Pelletier,,,
2017,Todd Sumrall,,,
2017,Zuschuss Carroll,,,
2017,Alyssa Crouse,,,
2017,Chloris Kastensmidt,,,
2017,Jonathan Howell,,,
2017,Cynthia Arntzen,,,
2017,Ross Baird,,,
2017,Carl Weiss,,,
2017,Pauline Johnson,,,
2017,Eva Jacobs,,,
2017,Greg Tran,,,
2017,Anthony Jacobs,,,
2017,Jason Fortune-,,,
2017,Joy Daniels,,,
2017,John Murray,,,
2017,Toby Swindell,,,
2017,Susan Gilcrest,,,
2017,Todd Boyes,,,
2017,Adrian Barton,,,
2017,Paul Prost,,,
2017,Annie Thurman,,,
2017,Becky Castell,,,
2017,Patrick Jones,,,
2017,Neil Ducich,,,
2017,Nat Carroll,,,
2017,Chuck Clark,,,
2017,Allen Rosenblatt,,,
2017,Rick Duston,,,
2017,John Grady,,,
2017,Laurel Elliston,,,
2017,Eric Hoffmann,,,
2017,Vicky Freymann,,,
2017,Vivek Sundaresam,,,
2017,Trudy Brown,,,
2017,Jeremy Lonsdale,,,
2017,Kimberly Carter,,,
2017,Bryan Mills,,,
2017,Carlos Daly,,,
2017,Dianna Wilson,,,
2017,Roy Phan,,,
2017,James Galang,,,
2017,Duane Noonan,,,
2017,Patrick O'Donnell,,,
2017,Lori Olson,,,
2017,Tiffany House,,,
2017,Michael Dominguez,,,
2017,Alice McCarthy,,,
2017,Guy Thornton,,,
2017,Henia Zydlo,,,
2017,Suzanne McNair,,,
2017,Kelly Andreada,,,
2017,Barry Blumstein,,,
2017,Barry Weirich,,,
2017,Alejandro Ballentine,,,
2017,Cari Schnelling,,,
2017,John Dryer,,,
2017,Giulietta Dortch,,,
2017,Nick Radford,,,
2017,Dan Campbell,,,
2017,Carol Triggs,,,
2017,Erica Hernandez,,,
2017,Erin Mull,,,
2017,Dorris liebe,,,
2017,Liz Willingham,,,
2017,Ben Wallace,,,
2017,Maureen Gastineau,,,
2017,Frank Olsen,,,
2017,Anna Gayman,,,
2017,Michelle Tran,,,
2017,Carl Ludwig,,,
2017,Linda Cazamias,,,
2017,Muhammed MacIntyre,,,
2017,Dianna Vittorini,,,
2017,Kristina Nunn,,,
2017,Zuschuss Donatelli,,,
2017,Lena Creighton,,,
2017,Hunter Glantz,,,
2017,Sarah Brown,,,
2017,Troy Staebel,,,
2017,Paul Gonzalez,,,
2017,Tamara Willingham,,,
2017,Clay Cheatham,,,
2017,Stuart Calhoun,,,
2017,Dean percer,,,
2017,Kristen Hastings,,,
2017,Thomas Seio,,,
2017,Joe Elijah,,,
2017,Michael Kennedy,,,
2017,Katherine Ducich,,,
2017,Philip Fox,,,
2017,Luke Schmidt,,,
2017,Ryan Akin,,,
2017,Steven Roelle,,,
2017,Craig Carreira,,,
2017,Neil Knudson,,,
2017,Katharine Harms,,,
2017,Deborah Brumfield,,,
2017,Jim Sink,,,
2017,George Ashbrook,,,
2017,Toby Ritter,,,
2017,Jeremy Ellison,,,
2017,Shui Tom,,,
2017,Alan Shonely,,,
2017,Joe Kamberova,,,
2017,Rick Bensley,,,
2017,Maria Bertelson,,,
2017,Matthew Clasen,,,
2017,Sonia Cooley,,,
2017,Fred McMath,,,
2017,Olvera Toch,,,
2017,Tracy Hopkins,,,
2017,Nora Preis,,,
2017,Dan Reichenbach,,,
2017,Michelle Arnett,,,
2017,Dean Katz,,,
2017,Alex Avila,,,
2017,William Brown,,,
2017,Victor Preis,,,
2017,Sheri Gordon,,,
2017,Ralph Arnett,,,
2017,Darrin Van Huff,,,
2017,Chuck Sachs,,,
2017,Christina Anderson,,,
2017,Jim Kriz,,,
2017,Frank Merwin,,,
2017,Michael Oakman,,,
2017,Tony Sayre,,,
2017,Fred Hopkins,,,
2017,Angele Hood,,,
2017,Patrick O'Brill,,,
2017,Michael Paige,,,
2017,Jenna Caffey,,,
2017,Harold Engle,,,
2017,Mathew Reese,,,
2017,Sean Miller,,,
2017,Frank Gastineau,,,
2017,Beth Fritzler,,,
2017,Natalie Webber,,,
2017,Karen Bern,,,
2017,Tom Stivers,,,
2017,Rick Reed,,,
2017,Sandra Flanagan,,,
2017,Natalie Fritzler,,,
2017,Shaun Weien,,,
2017,Anthony Johnson,,,
2017,Seth Vernon,,,
2017,Anthony Rawles,,,
2017,Sarah Foster,,,
2017,Sean Wendt,,,
2017,Gene McClure,,,
2017,Kelly Lampkin,,,
2017,Pete Takahito,,,
2017,Eric Barreto,,,
2017,Lena Hernandez,,,
2017,Lisa Ryan,,,
2017,Nathan Mautz,,,
2017,Tracy Blumstein,,,
2017,Annie Zypern,,,
2017,Mike Gockenbach,,,
2017,Dennis Kane,,,
2017,Matt Hagelstein,,,
2017,Giulietta Weimer,,,
2017,Laura Armstrong,,,
2017,Roland Fjeld,,,
2017,Katrina Willman,,,
2017,Greg Matthias,,,
2017,Eric Murdock,,,
2017,Charlotte Melton,,,
2017,Scot Coram,,,
2017,Gary Mitchum,,,
2017,Jay Kimmel,,,
2017,Cindy Chapman,,,
2017,Ivan Liston,,,
2017,Steve Chapman,,,
2017,Sylvia Foulston,,,
2017,Daniel Raglin,,,
2017,Rick Hansen,,,
2017,Justin MacKendrick,,,
2017,Brenda Bowman,,,
2017,Dana Kaydos,,,
2017,Russell Applegate,,,
2017,Nicole Fjeld,,,
2017,Charles McCrossin,,,
2017,Jennifer Braxton,,,
2017,Doug O'Connell,,,
2017,Eleni McCrary,,,
2017,Patrick Ryan,,,
2017,Sung Chung,,,
2017,Alan Haines,,,
2017,Darrin Martin,,,
2017,Steve Carroll,,,
2017,Heather Jas,,,
2017,Stefania Perrino,,,
2017,Ben Peterman,,,
2017,Ashley Jarboe,,,
2017,Arthur Wiediger,,,
2017,Barry Gonzalez,,,
2017,Maxwell Schwartz,,,
2017,Bradley Nguyen,,,
2017,Sung Shariari,,,
2017,Ralph Kennedy,,,
2017,Phillip Flathmann,,,
2017,Anthony Witt,,,
2017,Jill Stevenson,,,
2017,Mick Crebagga,,,
2017,Aleksandra Gannaway,,,
2017,Katrina Bavinger,,,
2017,Aimee Bixby,,,
2017,Greg Maxwell,,,
2017,Vivian Mathis,,,
2017,Michael Grace,,,
2017,Jasper Cacioppo,,,
2017,Ruben Dartt,,,
2017,Robert Dilbeck,,,
2017,Allen Goldenen,,,
2017,Trudy Glocke,,,
2017,Dario Medina,,,
2017,Allen Armold,,,
2017,Eugene Barchas,,,
2017,Alex Russell,,,
2017,Eudokia Martin,,,
2017,Sean Braxton,,,
2017,Liz Carlisle,,,
2017,Grace Kelly,,,
2017,Logan Currie,,,
2017,Ken Heidel,,,
2017,Shahid Shariari,,,
2017,Helen Abelman,,,
2017,Ryan Crowe,,,
2017,Helen Andreada,,,
2017,Jennifer Ferguson,,,
2017,Jessica Myrick,,,
2017,Bart Folk,,,
2017,Liz Thompson,,,
2017,Roger Barcio,,,
2017,Craig Yedwab,,,
2017,Erica Smith,,,
2017,Theresa Coyne,,,
2017,Charles Crestani,,,
2017,Evan Henry,,,
2017,Alan Schoenberger,,,
2017,Pete Armstrong,,,
2017,Justin Ritter,,,
2017,Muhammed Lee,,,
2017,David Wiener,,,
2017,Shaun Chance,,,
2017,Peter Bühler,,,
2017,Berenike Kampe,,,
2017,Brooke Gillingham,,,
2017,Maya Herman,,,
2017,Brian Dahlen,,,
2017,Kelly Collister,,,
2017,Frank Atkinson,,,
2017,Philip Brown,,,
2017,Rose O'Brian,,,
2017,Ruben Ausman,,,
2017,Sara Luxemburg,,,
2017,Jas O'Carroll,,,
2017,Patrick Gardner,,,
2017,Michelle Ellison,,,
2017,Barbara Fisher,,,
2017,Ellis Ballard,,,
2017,Corinna Mitchell,,,
2017,Tanja Norvell,,,
2017,Jane Waco,,,
2017,Juliana Krohn,,,
2017,Amy Cox,,,
2017,Hunter Lopez,,,
2017,Laurel Workman,,,
2017,Phillina Ober,,,
2017,Xylona Preis,,,
2017,Debra Catini,,,
2017,Dean Braden,,,
2017,Evan Bailliet,,,
2017,Steve Nguyen,,,
2017,Nora Paige,,,
2017,Andrew Gjertsen,,,
2017,Craig Reiter,,,
2017,Ed Ludwig,,,
2017,Anthony Garverick,,,
2017,Marc Crier,,,
2017,Stuart Van,,,
2017,Bobby Odegard,,,
2017,Victoria Pisteka,,,
2017,Astrea Jones,,,
2017,Matt Abelman,,,
2017,Hilary Holden,,,
2017,Mary O'Rourke,,,
2017,Ivan Gibson,,,
2017,Justin Ellison,,,
2017,Patricia Hirasaki,,,
2017,Brian DeCherney,,,
2017,Jocasta Rupert,,,
2017,Julie Creighton,,,
2017,Randy Bradley,,,
2017,Jim Mitchum,,,
2017,Nona Balk,,,
2017,Keith Herrera,,,
2017,Jamie Kunitz,,,
2017,Jim Karlsson,,,
2017,Kalyca Meade,,,
2017,Nancy Lomonaco,,,
2017,Thomas Boland,,,
2017,Thea Hudgings,,,
2017,Cindy Stewart,,,
2017,Denise Leinenbach,,,
2017,Daniel Lacy,,,
2017,Clay Rozendal,,,
2017,Grant Thornton,,,
2017,James Lanier,,,
2017,Anna Andreadi,,,
2017,Christina DeMoss,,,
2017,Jill Fjeld,,,
2017,Christopher Conant,,,
2017,Frank Preis,,,
2017,Kean Nguyen,,,
2017,Matt Collister,,,
2017,Peter McVee,,,
2017,Ann Blume,,,
2017,Thomas Brumley,,,
2017,Michael Chen,,,
2017,Gary Hwang,,,
2017,Nathan Gelder,,,
2017,Eugene Moren,,,
2017,Lindsay Shagiari,,,
2017,Ted Trevino,,,
2017,Katrina Edelman,,,
2017,Ken Brennan,,,
2017,Mitch Willingham,,,
2017,Eileen Kiefer,,,
2017,Adrian Shami,,,
2017,Nathan Cano,,,
2017,Jennifer Halladay,,,
2017,Richard Bierner,,,
2017,Anne Pryor,,,
2017,Brian Thompson,,,
2017,Benjamin Patterson,,,
2017,Barry Franz,,,
2017,Janet Molinari,,,
2017,Jason Gross,,,
2017,Tracy Zic,,,
2017,Brendan Sweed,,,
2017,Lynn Smith,,,
2017,Corey Catlett,,,
2017,Deirdre Greer,,,
2017,Joseph Holt,,,
2017,Kunst Miller,,,
2017,Michael Stewart,,,
2017,Lena Radford,,,
2017,Larry Tron,,,
2017,Naresj Patel,,,
2017,Patrick Bzostek,,,
2017,Tracy Collins,,,
2017,Jeremy Pistek,,,
2017,Christine Abelman,,,
2017,Herbert Flentye,,,
2017,Alex Grayson,,,
2017,Mike Vittorini,,,
2017,Ralph Ritter,,,
2017,Alejandro Savely,,,
2017,Roy Skaria,,,
2017,Mitch Webber,,,
2017,Khloe Miller,,,
2017,Andy Yotov,,,
2017,Andrew Roberts,,,
2017,Doug Jacobs,,,
2017,Aaron Hawkins,,,
2017,David Kendrick,,,
2017,Brian Derr,,,
2017,Sandra Glassco,,,
2017,Monica Federle,,,
2017,Julia Barnett,,,
2017,Robert Marley,,,
2017,Yoseph Carroll,,,
2017,Greg Hansen,,,
2017,Pamela Coakley,,,
2017,Erica Bern,,,
2017,Jill Matthias,,,
